id,title,content
1,Introduction à Redis,"Redis est un magasin de données clé-valeur open source, rapide et polyvalent. Il est souvent utilisé comme base de données, cache et courtier de messages. Redis prend en charge une grande variété de structures de données, notamment les chaînes, les hachages, les listes, les ensembles, les ensembles triés avec des requêtes de rang et de score, les bitmaps, les hyperloglogs, les index géospatiaux et les flux."
2,Types de données Redis,"Redis prend en charge plusieurs types de données, notamment : Chaînes - pour stocker du texte ou des données binaires. Listes - collections ordonnées d'éléments. Ensembles - collections non ordonnées d'éléments uniques. Ensembles triés - similaires aux ensembles mais avec un score associé à chaque élément. Hachages - mappages de champs et de valeurs. Bitmaps - opérations au niveau du bit. HyperLogLogs - estimateurs de cardinalité. Indexes géospatiaux - pour stocker et interroger des données géographiques."
3,Persistance des données dans Redis,"Redis offre deux options principales pour la persistance des données : les sauvegardes ponctuelles (RDB) et les journaux d'append-only (AOF). RDB crée périodiquement des instantanés des données, tandis qu'AOF enregistre chaque opération d'écriture dans un journal, offrant une durabilité plus granulaire. Ces deux méthodes peuvent être utilisées ensemble pour une plus grande résilience."
4,Redis comme cache,"Redis est largement utilisé comme cache en mémoire en raison de ses performances élevées et de sa faible latence. Il peut considérablement accélérer les applications en stockant les résultats des requêtes fréquentes, les pages rendues ou les objets de session. Redis prend en charge l'expiration flexible des clés, ce qui permet de garder le cache à jour et d'éviter de servir du contenu périmé."
5,Redis en tant que courtier de messages,"Grâce à ses opérations de publication/abonnement intégrées, Redis peut servir de courtier de messages simple mais puissant. Les clients peuvent s'abonner à des canaux et publier des messages, permettant une communication facile entre les services. Redis prend également en charge les flux, une structure de données qui modélise les logs d'append-only, utile pour le traitement des événements et les pipelines de données."
6,Transactions Redis,"Redis prend en charge les transactions via la commande MULTI/EXEC. Les commandes émises après MULTI sont mises en file d'attente et exécutées atomiquement lorsque EXEC est appelé. Bien que Redis soit mono-thread et ne prenne pas en charge les transactions au sens ACID, cette fonctionnalité est utile pour regrouper plusieurs opérations et maintenir l'intégrité des données dans certains scénarios."
7,Réplication et clustering Redis,"Redis offre une réplication maître-esclave intégrée pour la scalabilité et la haute disponibilité. Les esclaves se connectent à un maître, répliquent ses données et peuvent servir les requêtes en lecture. Redis Cluster permet le partitionnement automatique des données sur plusieurs nœuds, avec une réplication intégrée pour la tolérance aux pannes. Cela permet à Redis de s'adapter à de très grands ensembles de données et à des charges de travail à haut débit."
8,Redis Lua Scripting,"Redis intègre un moteur de script Lua, permettant d'exécuter du code personnalisé sur le serveur. Les scripts Lua sont atomiques et peuvent accéder à toutes les commandes et types de données Redis. Cela permet de créer des opérations complexes et des requêtes personnalisées, en réduisant les allers-retours entre le client et le serveur. Les scripts Lua sont également utiles pour implémenter des verrous distribués et d'autres primitives de synchronisation."
9,Gestion de la mémoire Redis,"Redis conserve toutes les données en mémoire pour des performances maximales. Lorsque la mémoire est limitée, il est crucial de gérer efficacement l'utilisation de la mémoire. Redis offre plusieurs options, notamment : définir une limite de mémoire maximale, configurer des politiques d'éviction des clés (comme LRU), ajuster la fréquence des points de contrôle RDB et AOF. Le suivi et le réglage de l'utilisation de la mémoire garantissent des performances optimales et évitent les problèmes de mémoire insuffisante."
10,Redis dans la pile moderne,"Redis est devenu un composant essentiel de la pile technologique moderne. Il est couramment utilisé conjointement avec des bases de données relationnelles, des frameworks web et des systèmes de files d'attente de messages. Son faible temps de latence, ses riches types de données et sa simplicité en font un choix attrayant pour de nombreux cas d'utilisation, du cache à la messagerie en passant par l'analyse en temps réel. De nombreux services cloud gérés facilitent le déploiement et la gestion de Redis, ce qui en fait une solution accessible pour les applications de toutes tailles."
